Election,Precinct,TOTPOP,NH_WHITE,NH_BLACK,NH_ASIAN,HISP,num_black,num_white,num_asian,num_hispanic,num_undetermined,black_avail,white_avail,asian_avail,hisp_avail,black_thresh,white_thresh,asian_thresh,hispanic_thresh,How many surpass?
MY14,100,1310,977,34,170,55,0,5,0,0,0,6,6,3,0,Doesn't Surpass,Surpasses,Doesn't Surpass,Doesn't Surpass,1
MY14,101,1795,1129,151,369,76,1,3,1,0,0,6,6,3,0,Doesn't Surpass,Surpasses,Surpasses,Doesn't Surpass,2
MY14,102,812,568,42,94,62,1,3,1,0,0,6,6,3,0,Doesn't Surpass,Surpasses,Doesn't Surpass,Doesn't Surpass,1
MY14,103,1680,1061,74,349,100,1,4,0,0,0,6,6,3,0,Doesn't Surpass,Surpasses,Surpasses,Doesn't Surpass,2
MY14,104,1209,896,39,129,71,0,4,1,0,0,6,6,3,0,Doesn't Surpass,Surpasses,Doesn't Surpass,Doesn't Surpass,1
MY14,105,863,652,20,77,63,1,3,1,0,0,6,6,3,0,Doesn't Surpass,Surpasses,Doesn't Surpass,Doesn't Surpass,1
MY14,106,1597,1193,81,179,69,1,4,0,0,0,6,6,3,0,Doesn't Surpass,Surpasses,Doesn't Surpass,Doesn't Surpass,1
MY14,107,783,602,29,73,45,1,4,0,0,0,6,6,3,0,Doesn't Surpass,Surpasses,Doesn't Surpass,Doesn't Surpass,1
MY14,108,1103,744,61,152,73,1,4,0,0,0,6,6,3,0,Doesn't Surpass,Surpasses,Doesn't Surpass,Doesn't Surpass,1
MY14,109,1302,996,43,129,69,1,4,0,0,0,6,6,3,0,Doesn't Surpass,Surpasses,Doesn't Surpass,Doesn't Surpass,1
MY14,110,928,663,39,135,38,1,4,0,0,0,6,6,3,0,Doesn't Surpass,Surpasses,Doesn't Surpass,Doesn't Surpass,1
MY14,111,832,616,38,92,50,0,4,1,0,0,6,6,3,0,Doesn't Surpass,Surpasses,Doesn't Surpass,Doesn't Surpass,1
MY14,112,745,575,21,61,50,1,3,1,0,0,6,6,3,0,Doesn't Surpass,Surpasses,Doesn't Surpass,Doesn't Surpass,1
MY14,113,1365,1061,28,102,111,0,4,1,0,0,6,6,3,0,Doesn't Surpass,Surpasses,Doesn't Surpass,Doesn't Surpass,1
MY14,114,1461,1042,57,138,133,0,4,1,0,0,6,6,3,0,Doesn't Surpass,Surpasses,Doesn't Surpass,Doesn't Surpass,1
MY14,115,1428,895,210,107,113,0,4,1,0,0,6,6,3,0,Doesn't Surpass,Surpasses,Doesn't Surpass,Doesn't Surpass,1
MY14,116,1430,1064,58,110,111,0,4,1,0,0,6,6,3,0,Doesn't Surpass,Surpasses,Doesn't Surpass,Doesn't Surpass,1
MY14,117,851,467,180,53,108,0,4,1,0,0,6,6,3,0,Surpasses,Surpasses,Doesn't Surpass,Doesn't Surpass,2
MY14,118,1340,981,65,119,87,0,4,1,0,0,6,6,3,0,Doesn't Surpass,Surpasses,Doesn't Surpass,Doesn't Surpass,1
MY14,119,891,645,45,94,69,0,4,1,0,0,6,6,3,0,Doesn't Surpass,Surpasses,Doesn't Surpass,Doesn't Surpass,1
MY14,120,1763,1026,283,138,203,0,4,1,0,0,6,6,3,0,Doesn't Surpass,Surpasses,Doesn't Surpass,Doesn't Surpass,1
MY14,121,1213,634,225,140,139,0,4,1,0,0,6,6,3,0,Surpasses,Surpasses,Doesn't Surpass,Doesn't Surpass,2
MY14,122,1032,493,233,80,138,1,3,1,0,0,6,6,3,0,Surpasses,Surpasses,Doesn't Surpass,Doesn't Surpass,2
MY14,123,884,311,289,127,110,0,4,1,0,0,6,6,3,0,Surpasses,Surpasses,Doesn't Surpass,Doesn't Surpass,2
MY14,124,781,492,55,105,81,0,4,1,0,0,6,6,3,0,Doesn't Surpass,Surpasses,Doesn't Surpass,Doesn't Surpass,1
MY14,125,1221,781,113,169,91,0,4,1,0,0,6,6,3,0,Doesn't Surpass,Surpasses,Doesn't Surpass,Doesn't Surpass,1
MY14,126,1869,1259,133,213,158,0,4,1,0,0,6,6,3,0,Doesn't Surpass,Surpasses,Doesn't Surpass,Doesn't Surpass,1
MY14,127,1444,994,61,171,137,0,4,1,0,0,6,6,3,0,Doesn't Surpass,Surpasses,Doesn't Surpass,Doesn't Surpass,1
MY14,128,469,362,36,44,16,0,4,1,0,0,6,6,3,0,Doesn't Surpass,Surpasses,Doesn't Surpass,Doesn't Surpass,1
MY14,129,1357,959,113,121,80,0,4,1,0,0,6,6,3,0,Doesn't Surpass,Surpasses,Doesn't Surpass,Doesn't Surpass,1
MY14,130,1631,1132,102,207,105,0,4,1,0,0,6,6,3,0,Doesn't Surpass,Surpasses,Doesn't Surpass,Doesn't Surpass,1
MY14,131,698,287,120,183,74,0,4,1,0,0,6,6,3,0,Surpasses,Surpasses,Surpasses,Doesn't Surpass,3
MY14,132,1926,976,214,437,188,0,4,1,0,0,6,6,3,0,Doesn't Surpass,Surpasses,Surpasses,Doesn't Surpass,2
MY14,133,1080,729,56,147,91,0,4,1,0,0,6,6,3,0,Doesn't Surpass,Surpasses,Doesn't Surpass,Doesn't Surpass,1
MY14,134,1434,605,350,224,154,0,4,1,0,0,6,6,3,0,Surpasses,Surpasses,Doesn't Surpass,Doesn't Surpass,2
MY14,135,872,408,132,174,114,0,4,1,0,0,6,6,3,0,Doesn't Surpass,Surpasses,Surpasses,Doesn't Surpass,2
MY14,136,781,460,150,59,69,0,4,1,0,0,6,6,3,0,Surpasses,Surpasses,Doesn't Surpass,Doesn't Surpass,2
MY14,137,885,539,144,64,83,0,4,1,0,0,6,6,3,0,Doesn't Surpass,Surpasses,Doesn't Surpass,Doesn't Surpass,1
MY14,138,790,424,140,103,86,0,4,1,0,0,6,6,3,0,Surpasses,Surpasses,Doesn't Surpass,Doesn't Surpass,2
MY14,139,1678,898,284,203,195,0,4,1,0,0,6,6,3,0,Surpasses,Surpasses,Doesn't Surpass,Doesn't Surpass,2
MY14,140,1488,733,303,219,141,0,4,1,0,0,6,6,3,0,Surpasses,Surpasses,Doesn't Surpass,Doesn't Surpass,2
MY14,141,1234,702,197,153,102,0,4,1,0,0,6,6,3,0,Doesn't Surpass,Surpasses,Doesn't Surpass,Doesn't Surpass,1
MY14,142,888,559,77,115,88,0,4,1,0,0,6,6,3,0,Doesn't Surpass,Surpasses,Doesn't Surpass,Doesn't Surpass,1
MY14,143,799,451,97,121,81,0,4,1,0,0,6,6,3,0,Doesn't Surpass,Surpasses,Doesn't Surpass,Doesn't Surpass,1
MY14,144,911,625,83,105,58,0,4,1,0,0,6,6,3,0,Doesn't Surpass,Surpasses,Doesn't Surpass,Doesn't Surpass,1
MY14,145,1722,1097,150,228,142,0,4,1,0,0,6,6,3,0,Doesn't Surpass,Surpasses,Doesn't Surpass,Doesn't Surpass,1
MY14,146,910,684,65,85,43,1,4,0,0,0,6,6,3,0,Doesn't Surpass,Surpasses,Doesn't Surpass,Doesn't Surpass,1
MY14,147,1053,595,227,90,72,1,3,1,0,0,6,6,3,0,Surpasses,Surpasses,Doesn't Surpass,Doesn't Surpass,2
MY14,148,1088,716,141,110,60,1,4,0,0,0,6,6,3,0,Doesn't Surpass,Surpasses,Doesn't Surpass,Doesn't Surpass,1
MY14,149,984,629,114,123,59,0,4,1,0,0,6,6,3,0,Doesn't Surpass,Surpasses,Doesn't Surpass,Doesn't Surpass,1
MY14,150,1084,740,115,99,57,0,4,1,0,0,6,6,3,0,Doesn't Surpass,Surpasses,Doesn't Surpass,Doesn't Surpass,1
MY14,151,1441,1057,95,115,81,1,3,1,0,0,6,6,3,0,Doesn't Surpass,Surpasses,Doesn't Surpass,Doesn't Surpass,1
MY14,152,1104,822,66,84,66,1,3,1,0,0,6,6,3,0,Doesn't Surpass,Surpasses,Doesn't Surpass,Doesn't Surpass,1
MY14,153,1504,1030,103,195,90,0,4,1,0,0,6,6,3,0,Doesn't Surpass,Surpasses,Doesn't Surpass,Doesn't Surpass,1
MY14,154,1158,797,49,155,81,1,3,1,0,0,6,6,3,0,Doesn't Surpass,Surpasses,Doesn't Surpass,Doesn't Surpass,1
MY14,155,955,726,37,91,55,0,5,0,0,0,6,6,3,0,Doesn't Surpass,Surpasses,Doesn't Surpass,Doesn't Surpass,1
MY14,156,869,647,41,81,44,0,4,1,0,0,6,6,3,0,Doesn't Surpass,Surpasses,Doesn't Surpass,Doesn't Surpass,1
MY14,157,957,691,48,109,65,0,4,1,0,0,6,6,3,0,Doesn't Surpass,Surpasses,Doesn't Surpass,Doesn't Surpass,1
MY14,158,1065,840,70,62,47,0,4,1,0,0,6,6,3,0,Doesn't Surpass,Surpasses,Doesn't Surpass,Doesn't Surpass,1
MY14,159,704,461,61,90,52,1,3,1,0,0,6,6,3,0,Doesn't Surpass,Surpasses,Doesn't Surpass,Doesn't Surpass,1
MY14,160,1309,953,116,117,55,0,4,1,0,0,6,6,3,0,Doesn't Surpass,Surpasses,Doesn't Surpass,Doesn't Surpass,1
MY14,161,643,440,40,67,62,0,4,1,0,0,6,6,3,0,Doesn't Surpass,Surpasses,Doesn't Surpass,Doesn't Surpass,1
MY14,162,1677,1211,72,195,97,1,4,0,0,0,6,6,3,0,Doesn't Surpass,Surpasses,Doesn't Surpass,Doesn't Surpass,1
MY14,227,1564,371,827,100,178,1,3,1,0,0,6,6,3,0,Surpasses,Surpasses,Doesn't Surpass,Doesn't Surpass,2
MY14,228,1242,404,507,136,106,1,3,1,0,0,6,6,3,0,Surpasses,Surpasses,Doesn't Surpass,Doesn't Surpass,2
MY14,229,1233,528,292,234,128,0,4,1,0,0,6,6,3,0,Surpasses,Surpasses,Surpasses,Doesn't Surpass,3
MY14,230,1110,355,506,48,123,0,4,1,0,0,6,6,3,0,Surpasses,Surpasses,Doesn't Surpass,Doesn't Surpass,2
MY14,231,1150,338,481,80,182,1,3,1,0,0,6,6,3,0,Surpasses,Surpasses,Doesn't Surpass,Doesn't Surpass,2
MY14,232,1100,275,608,43,106,1,3,1,0,0,6,6,3,0,Surpasses,Surpasses,Doesn't Surpass,Doesn't Surpass,2
MY14,233,889,300,403,34,111,0,4,1,0,0,6,6,3,0,Surpasses,Surpasses,Doesn't Surpass,Doesn't Surpass,2
MY14,234,1867,535,917,131,201,1,3,1,0,0,6,6,3,0,Surpasses,Surpasses,Doesn't Surpass,Doesn't Surpass,2
MY14,235,2099,1113,482,136,215,0,4,1,0,0,6,6,3,0,Surpasses,Surpasses,Doesn't Surpass,Doesn't Surpass,2
MY14,236,1419,665,451,72,125,0,4,1,0,0,6,6,3,0,Surpasses,Surpasses,Doesn't Surpass,Doesn't Surpass,2
MY14,237,1573,673,615,80,126,1,3,1,0,0,6,6,3,0,Surpasses,Surpasses,Doesn't Surpass,Doesn't Surpass,2
MY14,238,1047,303,495,37,145,0,4,1,0,0,6,6,3,0,Surpasses,Surpasses,Doesn't Surpass,Doesn't Surpass,2
MY14,239,2339,549,1146,178,321,1,3,1,0,0,6,6,3,0,Surpasses,Surpasses,Doesn't Surpass,Doesn't Surpass,2
MY14,240,2292,417,1207,203,340,1,3,1,0,0,6,6,3,0,Surpasses,Surpasses,Doesn't Surpass,Doesn't Surpass,2
MY14,241,1133,493,224,187,131,0,4,1,0,0,6,6,3,0,Surpasses,Surpasses,Doesn't Surpass,Doesn't Surpass,2
MY14,242,1538,443,144,748,124,0,4,1,0,0,6,6,3,0,Doesn't Surpass,Surpasses,Surpasses,Doesn't Surpass,2
MY14,243,1185,514,287,111,154,0,4,1,0,0,6,6,3,0,Surpasses,Surpasses,Doesn't Surpass,Doesn't Surpass,2
MY14,244,1502,635,426,164,182,0,4,1,0,0,6,6,3,0,Surpasses,Surpasses,Doesn't Surpass,Doesn't Surpass,2
MY14,245,2032,581,382,792,167,0,4,1,0,0,6,6,3,0,Surpasses,Surpasses,Surpasses,Doesn't Surpass,3
MY14,246,837,291,288,93,119,0,4,1,0,0,6,6,3,0,Surpasses,Surpasses,Doesn't Surpass,Doesn't Surpass,2
MY14,247,1133,444,362,172,97,0,4,1,0,0,6,6,3,0,Surpasses,Surpasses,Doesn't Surpass,Doesn't Surpass,2
MY14,248,2512,805,1049,282,220,0,4,1,0,0,6,6,3,0,Surpasses,Surpasses,Doesn't Surpass,Doesn't Surpass,2
MY14,249,1060,625,153,135,84,0,4,1,0,0,6,6,3,0,Doesn't Surpass,Surpasses,Doesn't Surpass,Doesn't Surpass,1
MY14,250,1527,662,391,221,152,0,4,1,0,0,6,6,3,0,Surpasses,Surpasses,Doesn't Surpass,Doesn't Surpass,2
MY14,251,1724,978,312,170,149,0,4,1,0,0,6,6,3,0,Surpasses,Surpasses,Doesn't Surpass,Doesn't Surpass,2
MY14,252,1590,599,340,411,137,0,4,1,0,0,6,6,3,0,Surpasses,Surpasses,Surpasses,Doesn't Surpass,3
MY14,253,1620,559,315,484,157,0,4,1,0,0,6,6,3,0,Surpasses,Surpasses,Surpasses,Doesn't Surpass,3
MY14,254,884,208,149,397,90,0,4,1,0,0,6,6,3,0,Surpasses,Surpasses,Surpasses,Doesn't Surpass,3
MY14,255,2061,114,75,1815,34,0,4,1,0,0,6,6,3,0,Doesn't Surpass,Doesn't Surpass,Surpasses,Doesn't Surpass,1
MY14,256,1992,916,379,370,208,0,4,1,0,0,6,6,3,0,Surpasses,Surpasses,Surpasses,Doesn't Surpass,3
MY14,257,1437,756,253,177,157,0,4,1,0,0,6,6,3,0,Surpasses,Surpasses,Doesn't Surpass,Doesn't Surpass,2
MY14,258,1615,551,428,269,255,0,4,1,0,0,6,6,3,0,Surpasses,Surpasses,Doesn't Surpass,Doesn't Surpass,2
MY14,259,530,219,112,129,45,1,3,1,0,0,6,6,3,0,Surpasses,Surpasses,Surpasses,Doesn't Surpass,3
MY14,260,2089,389,397,860,337,0,4,1,0,0,6,6,3,0,Surpasses,Surpasses,Surpasses,Doesn't Surpass,3
MY14,261,1846,269,291,827,393,0,4,1,0,0,6,6,3,0,Doesn't Surpass,Doesn't Surpass,Surpasses,Surpasses,2
MY14,262,2627,158,393,1523,486,0,4,1,0,0,6,6,3,0,Doesn't Surpass,Doesn't Surpass,Surpasses,Surpasses,2
MY14,263,3361,480,838,1199,692,0,4,1,0,0,6,6,3,0,Surpasses,Doesn't Surpass,Surpasses,Surpasses,3
MY14,264,2895,716,331,432,1298,0,4,1,0,0,6,6,3,0,Doesn't Surpass,Surpasses,Doesn't Surpass,Surpasses,2
MY14,265,1763,163,151,137,1277,0,4,1,0,0,6,6,3,0,Doesn't Surpass,Doesn't Surpass,Doesn't Surpass,Surpasses,1
MY14,266,2227,566,859,219,485,0,4,1,0,0,6,6,3,0,Surpasses,Surpasses,Doesn't Surpass,Surpasses,3
MY14,267,2288,409,1082,226,466,1,3,1,0,0,6,6,3,0,Surpasses,Surpasses,Doesn't Surpass,Surpasses,3
MY14,268,1061,161,589,105,148,1,3,1,0,0,6,6,3,0,Surpasses,Doesn't Surpass,Doesn't Surpass,Doesn't Surpass,1
MY14,269,1843,535,791,243,164,1,3,1,0,0,6,6,3,0,Surpasses,Surpasses,Doesn't Surpass,Doesn't Surpass,2
MY14,270,2416,366,1069,224,631,1,3,1,0,0,6,6,3,0,Surpasses,Doesn't Surpass,Doesn't Surpass,Surpasses,2
MY14,271,958,174,462,99,167,1,3,1,0,0,6,6,3,0,Surpasses,Surpasses,Doesn't Surpass,Surpasses,3
MY14,272,1468,384,466,414,126,0,4,1,0,0,6,6,3,0,Surpasses,Surpasses,Surpasses,Doesn't Surpass,3
MY14,273,1709,407,466,436,325,0,4,1,0,0,6,6,3,0,Surpasses,Surpasses,Surpasses,Surpasses,4
MY14,274,1691,291,647,436,235,0,4,1,0,0,6,6,3,0,Surpasses,Surpasses,Surpasses,Doesn't Surpass,3
MY14,275,1174,169,714,105,110,1,3,1,0,0,6,6,3,0,Surpasses,Doesn't Surpass,Doesn't Surpass,Doesn't Surpass,1
MY14,276,1181,231,547,38,286,1,3,1,0,0,6,6,3,0,Surpasses,Surpasses,Doesn't Surpass,Surpasses,3
MY14,277,1719,254,925,63,397,1,3,1,0,0,6,6,3,0,Surpasses,Doesn't Surpass,Doesn't Surpass,Surpasses,2
MY14,278,1298,204,398,187,444,1,3,1,0,0,6,6,3,0,Surpasses,Doesn't Surpass,Doesn't Surpass,Surpasses,2
MY14,279,1679,184,937,229,246,1,3,1,0,0,6,6,3,0,Surpasses,Doesn't Surpass,Doesn't Surpass,Doesn't Surpass,1
MY14,280,2420,169,1469,594,99,1,3,1,0,0,6,6,3,0,Surpasses,Doesn't Surpass,Surpasses,Doesn't Surpass,2
MY14,281,2355,297,1365,325,220,1,3,1,0,0,6,6,3,0,Surpasses,Doesn't Surpass,Doesn't Surpass,Doesn't Surpass,1
MY14,282,2251,408,682,762,321,0,4,1,0,0,6,6,3,0,Surpasses,Surpasses,Surpasses,Doesn't Surpass,3
MY14,283,540,289,75,94,58,0,4,1,0,0,6,6,3,0,Doesn't Surpass,Surpasses,Surpasses,Doesn't Surpass,2
MY14,284,1836,95,57,1616,23,0,3,2,0,0,6,6,3,0,Doesn't Surpass,Doesn't Surpass,Surpasses,Doesn't Surpass,1
MY14,285,710,144,235,226,76,1,3,1,0,0,6,6,3,0,Surpasses,Surpasses,Surpasses,Doesn't Surpass,3
MY14,286,939,22,63,837,13,0,4,1,0,0,6,6,3,0,Doesn't Surpass,Doesn't Surpass,Surpasses,Doesn't Surpass,1
MY14,287,795,196,111,391,64,1,3,1,0,0,6,6,3,0,Doesn't Surpass,Surpasses,Surpasses,Doesn't Surpass,2
MY14,288,1691,190,397,592,440,0,4,1,0,0,6,6,3,0,Surpasses,Doesn't Surpass,Surpasses,Surpasses,3
MY14,289,1777,174,419,510,599,0,4,1,0,0,6,6,3,0,Surpasses,Doesn't Surpass,Surpasses,Surpasses,3
MY14,290,1447,121,399,412,442,1,3,1,0,0,6,6,3,0,Surpasses,Doesn't Surpass,Surpasses,Surpasses,3
MY14,291,2207,360,673,723,346,0,4,1,0,0,6,6,3,0,Surpasses,Doesn't Surpass,Surpasses,Doesn't Surpass,2
MY14,292,1496,920,140,232,121,0,4,1,0,0,6,6,3,0,Doesn't Surpass,Surpasses,Doesn't Surpass,Doesn't Surpass,1
MY14,293,2268,907,369,621,215,0,4,1,0,0,6,6,3,0,Doesn't Surpass,Surpasses,Surpasses,Doesn't Surpass,2
MY14,294,833,386,121,200,64,0,4,1,0,0,6,6,3,0,Doesn't Surpass,Surpasses,Surpasses,Doesn't Surpass,2
MY14,295,425,284,41,47,37,0,4,1,0,0,6,6,3,0,Doesn't Surpass,Surpasses,Doesn't Surpass,Doesn't Surpass,1
MY14,296,857,506,84,127,78,0,4,1,0,0,6,6,3,0,Doesn't Surpass,Surpasses,Doesn't Surpass,Doesn't Surpass,1
MY14,297,1192,422,198,376,142,0,4,1,0,0,6,6,3,0,Doesn't Surpass,Surpasses,Surpasses,Doesn't Surpass,2
MY14,298,1373,431,231,484,160,0,4,1,0,0,6,6,3,0,Surpasses,Surpasses,Surpasses,Doesn't Surpass,3
MY14,299,1913,233,666,556,316,0,4,1,0,0,6,6,3,0,Surpasses,Doesn't Surpass,Surpasses,Doesn't Surpass,2
MY14,300,1761,434,707,148,355,0,4,1,0,0,6,6,3,0,Surpasses,Surpasses,Doesn't Surpass,Surpasses,3
MY14,301,1708,646,515,166,271,0,4,1,0,0,6,6,3,0,Surpasses,Surpasses,Doesn't Surpass,Doesn't Surpass,2
MY14,302,1244,482,376,169,137,0,4,1,0,0,6,6,3,0,Surpasses,Surpasses,Doesn't Surpass,Doesn't Surpass,2
MY14,303,1083,384,199,262,158,0,4,1,0,0,6,6,3,0,Surpasses,Surpasses,Surpasses,Doesn't Surpass,3
MY14,304,1240,709,111,199,111,0,4,1,0,0,6,6,3,0,Doesn't Surpass,Surpasses,Doesn't Surpass,Doesn't Surpass,1
MY14,305,815,526,56,125,70,0,4,1,0,0,6,6,3,0,Doesn't Surpass,Surpasses,Doesn't Surpass,Doesn't Surpass,1
MY14,306,589,276,89,155,25,1,3,1,0,0,6,6,3,0,Doesn't Surpass,Surpasses,Surpasses,Doesn't Surpass,2
MY14,307,1050,429,163,228,168,0,4,1,0,0,6,6,3,0,Doesn't Surpass,Surpasses,Surpasses,Doesn't Surpass,2
MY14,308,961,128,215,433,147,0,4,1,0,0,6,6,3,0,Surpasses,Doesn't Surpass,Surpasses,Doesn't Surpass,2
MY14,309,2088,360,529,654,431,0,4,1,0,0,6,6,3,0,Surpasses,Surpasses,Surpasses,Surpasses,4
MY14,310,2842,215,750,782,968,0,4,1,0,0,6,6,3,0,Surpasses,Doesn't Surpass,Surpasses,Surpasses,3
MY14,311,1225,54,320,137,620,1,3,1,0,0,6,6,3,0,Surpasses,Doesn't Surpass,Doesn't Surpass,Surpasses,2
MY14,312,2691,265,933,365,956,1,3,1,0,0,6,6,3,0,Surpasses,Doesn't Surpass,Doesn't Surpass,Surpasses,2
MY14,313,1588,219,728,134,375,1,3,1,0,0,6,6,3,0,Surpasses,Doesn't Surpass,Doesn't Surpass,Surpasses,2
MY14,314,980,223,219,335,134,0,4,1,0,0,6,6,3,0,Surpasses,Surpasses,Surpasses,Doesn't Surpass,3
MY14,315,2330,321,480,1160,274,0,4,1,0,0,6,6,3,0,Surpasses,Doesn't Surpass,Surpasses,Doesn't Surpass,2
MY14,316,977,300,257,236,116,0,4,1,0,0,6,6,3,0,Surpasses,Surpasses,Surpasses,Doesn't Surpass,3
MY14,317,1369,529,222,421,116,0,4,1,0,0,6,6,3,0,Doesn't Surpass,Surpasses,Surpasses,Doesn't Surpass,2
MY14,318,1915,322,407,822,280,0,4,1,0,0,6,6,3,0,Surpasses,Surpasses,Surpasses,Doesn't Surpass,3
MY14,319,1061,156,282,437,146,0,4,1,0,0,6,6,3,0,Surpasses,Doesn't Surpass,Surpasses,Doesn't Surpass,2
MY14,320,3058,229,520,1672,550,0,4,1,0,0,6,6,3,0,Surpasses,Doesn't Surpass,Surpasses,Surpasses,3
MY14,321,3310,195,563,1676,774,0,4,1,0,0,6,6,3,0,Surpasses,Doesn't Surpass,Surpasses,Surpasses,3
MY14,322,2962,410,972,904,565,0,4,1,0,0,6,6,3,0,Surpasses,Doesn't Surpass,Surpasses,Surpasses,3
MY14,323,1365,310,382,383,220,0,4,1,0,0,6,6,3,0,Surpasses,Surpasses,Surpasses,Doesn't Surpass,3
MY14,324,3910,115,531,1545,1564,1,3,1,0,0,6,6,3,0,Doesn't Surpass,Doesn't Surpass,Surpasses,Surpasses,2
MY14,325,2171,128,425,1127,416,0,4,1,0,0,6,6,3,0,Surpasses,Doesn't Surpass,Surpasses,Surpasses,3
MY14,326,5149,171,763,1493,2607,1,3,1,0,0,6,6,3,0,Doesn't Surpass,Doesn't Surpass,Surpasses,Surpasses,2
MY14,327,4218,234,518,572,2770,0,4,1,0,0,6,6,3,0,Doesn't Surpass,Doesn't Surpass,Doesn't Surpass,Surpasses,1
MY14,328,1602,92,356,642,455,1,3,1,0,0,6,6,3,0,Surpasses,Doesn't Surpass,Surpasses,Surpasses,3
MY14,329,2511,161,393,753,1119,0,4,1,0,0,6,6,3,0,Doesn't Surpass,Doesn't Surpass,Surpasses,Surpasses,2
MY14,330,1689,164,401,366,705,0,4,1,0,0,6,6,3,0,Surpasses,Doesn't Surpass,Surpasses,Surpasses,3
MY14,331,3052,218,561,636,1527,0,4,1,0,0,6,6,3,0,Surpasses,Doesn't Surpass,Surpasses,Surpasses,3
MY14,332,2036,187,587,376,810,0,4,1,0,0,6,6,3,0,Surpasses,Doesn't Surpass,Surpasses,Surpasses,3
MY14,333,3506,205,452,645,2088,1,3,1,0,0,6,6,3,0,Doesn't Surpass,Doesn't Surpass,Surpasses,Surpasses,2
MY14,334,2223,208,387,470,1114,1,3,1,0,0,6,6,3,0,Surpasses,Doesn't Surpass,Surpasses,Surpasses,3
MY14,335,4400,363,265,457,3230,0,4,1,0,0,6,6,3,0,Doesn't Surpass,Doesn't Surpass,Doesn't Surpass,Surpasses,1
MY14,336,2560,329,322,208,1636,0,4,1,0,0,6,6,3,0,Doesn't Surpass,Doesn't Surpass,Doesn't Surpass,Surpasses,1
MY14,337,1301,8,384,83,800,1,3,1,0,0,6,6,3,0,Surpasses,Doesn't Surpass,Doesn't Surpass,Surpasses,2
MY14,338,2606,79,1443,283,688,1,3,1,0,0,6,6,3,0,Surpasses,Doesn't Surpass,Doesn't Surpass,Surpasses,2
MY14,339,1640,28,468,39,1060,1,3,1,0,0,6,6,3,0,Surpasses,Doesn't Surpass,Doesn't Surpass,Surpasses,2
MY14,340,3213,66,1024,81,1924,1,3,1,0,0,6,6,3,0,Surpasses,Doesn't Surpass,Doesn't Surpass,Surpasses,2
MY14,341,1640,49,416,141,988,1,3,1,0,0,6,6,3,0,Surpasses,Doesn't Surpass,Doesn't Surpass,Surpasses,2
MY14,342,3665,119,1320,214,1871,1,3,1,0,0,6,6,3,0,Surpasses,Doesn't Surpass,Doesn't Surpass,Surpasses,2
MY14,343,2148,69,842,100,1066,1,3,1,0,0,6,6,3,0,Surpasses,Doesn't Surpass,Doesn't Surpass,Surpasses,2
MY14,344,1464,35,403,117,866,1,3,1,0,0,6,6,3,0,Surpasses,Doesn't Surpass,Doesn't Surpass,Surpasses,2
MY14,345,1943,45,985,46,831,1,3,1,0,0,6,6,3,0,Surpasses,Doesn't Surpass,Doesn't Surpass,Surpasses,2
MY14,346,1210,167,653,73,248,1,3,1,0,0,6,6,3,0,Surpasses,Doesn't Surpass,Doesn't Surpass,Surpasses,2
MY14,347,1239,366,568,104,138,0,4,1,0,0,6,6,3,0,Surpasses,Surpasses,Doesn't Surpass,Doesn't Surpass,2
MY14,348,1139,280,588,92,116,1,3,1,0,0,6,6,3,0,Surpasses,Surpasses,Doesn't Surpass,Doesn't Surpass,2
MY14,349,1312,125,741,48,356,1,3,1,0,0,6,6,3,0,Surpasses,Doesn't Surpass,Doesn't Surpass,Surpasses,2
MY14,350,2878,78,1405,131,1140,1,3,1,0,0,6,6,3,0,Surpasses,Doesn't Surpass,Doesn't Surpass,Surpasses,2
MY14,351,2960,58,1248,112,1453,1,3,1,0,0,6,6,3,0,Surpasses,Doesn't Surpass,Doesn't Surpass,Surpasses,2
MY14,352,1531,42,659,41,707,1,3,1,0,0,6,6,3,0,Surpasses,Doesn't Surpass,Doesn't Surpass,Surpasses,2
MY14,353,3441,59,1606,62,1556,1,3,1,0,0,6,6,3,0,Surpasses,Doesn't Surpass,Doesn't Surpass,Surpasses,2
MY14,354,2815,84,1373,85,1138,1,3,1,0,0,6,6,3,0,Surpasses,Doesn't Surpass,Doesn't Surpass,Surpasses,2
MY14,355,1330,750,216,231,69,0,4,1,0,0,6,6,3,0,Doesn't Surpass,Surpasses,Surpasses,Doesn't Surpass,2
MY14,356,429,143,130,91,38,1,3,1,0,0,6,6,3,0,Surpasses,Surpasses,Surpasses,Doesn't Surpass,3
MY14,357,1421,532,343,392,79,1,3,1,0,0,6,6,3,0,Surpasses,Surpasses,Surpasses,Doesn't Surpass,3
MY14,358,1871,464,753,305,227,1,3,1,0,0,6,6,3,0,Surpasses,Surpasses,Doesn't Surpass,Doesn't Surpass,2
MY14,359,887,253,379,167,41,1,3,1,0,0,6,6,3,0,Surpasses,Surpasses,Surpasses,Doesn't Surpass,3
MY14,360,1701,522,662,145,284,0,4,1,0,0,6,6,3,0,Surpasses,Surpasses,Doesn't Surpass,Surpasses,3
MY14,361,1443,277,747,70,248,1,3,1,0,0,6,6,3,0,Surpasses,Surpasses,Doesn't Surpass,Surpasses,3
MY14,362,1337,66,791,25,390,1,3,1,0,0,6,6,3,0,Surpasses,Doesn't Surpass,Doesn't Surpass,Surpasses,2
MY14,363,1901,651,687,183,252,0,4,1,0,0,6,6,3,0,Surpasses,Surpasses,Doesn't Surpass,Doesn't Surpass,2
MY14,364,902,84,578,36,136,1,3,1,0,0,6,6,3,0,Surpasses,Doesn't Surpass,Doesn't Surpass,Doesn't Surpass,1
MY14,365,2036,133,1221,80,496,1,3,1,0,0,6,6,3,0,Surpasses,Doesn't Surpass,Doesn't Surpass,Surpasses,2
MY14,366,1454,15,716,69,607,1,3,1,0,0,6,6,3,0,Surpasses,Doesn't Surpass,Doesn't Surpass,Surpasses,2
MY14,367,4062,104,1058,192,2549,1,3,1,0,0,6,6,3,0,Surpasses,Doesn't Surpass,Doesn't Surpass,Surpasses,2
MY14,368,2339,36,718,48,1480,1,3,1,0,0,6,6,3,0,Surpasses,Doesn't Surpass,Doesn't Surpass,Surpasses,2
MY14,369,2545,77,1363,137,825,1,3,1,0,0,6,6,3,0,Surpasses,Doesn't Surpass,Doesn't Surpass,Surpasses,2
MY14,375,670,366,102,53,118,1,3,1,0,0,6,6,3,0,Doesn't Surpass,Surpasses,Doesn't Surpass,Surpasses,2
MY14,376,877,203,515,43,68,1,3,1,0,0,6,6,3,0,Surpasses,Surpasses,Doesn't Surpass,Doesn't Surpass,2
MY14,377,574,166,307,54,24,1,3,1,0,0,6,6,3,0,Surpasses,Surpasses,Doesn't Surpass,Doesn't Surpass,2
MY14,378,1022,348,496,60,74,1,3,1,0,0,6,6,3,0,Surpasses,Surpasses,Doesn't Surpass,Doesn't Surpass,2
MY14,379,835,168,438,86,102,1,3,1,0,0,6,6,3,0,Surpasses,Surpasses,Doesn't Surpass,Doesn't Surpass,2
MY14,380,1400,409,726,87,102,1,3,1,0,0,6,6,3,0,Surpasses,Surpasses,Doesn't Surpass,Doesn't Surpass,2
MY14,381,735,94,541,34,48,1,3,1,0,0,6,6,3,0,Surpasses,Doesn't Surpass,Doesn't Surpass,Doesn't Surpass,1
MY14,382,1303,106,811,77,252,1,3,1,0,0,6,6,3,0,Surpasses,Doesn't Surpass,Doesn't Surpass,Surpasses,2
MY14,383,1742,242,1161,56,219,1,3,1,0,0,6,6,3,0,Surpasses,Doesn't Surpass,Doesn't Surpass,Doesn't Surpass,1
MY14,384,2199,263,1377,124,311,1,3,1,0,0,6,6,3,0,Surpasses,Doesn't Surpass,Doesn't Surpass,Doesn't Surpass,1
MY14,385,4352,91,1585,132,2337,1,3,1,0,0,6,6,3,0,Surpasses,Doesn't Surpass,Doesn't Surpass,Surpasses,2
MY14,386,3896,73,1093,145,2407,1,3,1,0,0,6,6,3,0,Surpasses,Doesn't Surpass,Doesn't Surpass,Surpasses,2
MY14,387,3062,134,1642,150,1038,1,3,1,0,0,6,6,3,0,Surpasses,Doesn't Surpass,Doesn't Surpass,Surpasses,2
MY14,388,1739,51,586,65,970,1,3,1,0,0,6,6,3,0,Surpasses,Doesn't Surpass,Doesn't Surpass,Surpasses,2
MY14,389,1700,114,854,230,453,1,3,1,0,0,6,6,3,0,Surpasses,Doesn't Surpass,Doesn't Surpass,Surpasses,2
MY14,390,3378,72,732,66,2448,1,3,1,0,0,6,6,3,0,Surpasses,Doesn't Surpass,Doesn't Surpass,Surpasses,2
MY14,391,2317,57,763,52,1379,1,3,1,0,0,6,6,3,0,Surpasses,Doesn't Surpass,Doesn't Surpass,Surpasses,2
MY14,392,2857,82,849,93,1749,1,2,1,0,1,6,6,3,0,Surpasses,Doesn't Surpass,Doesn't Surpass,Surpasses,2
MY14,393,2106,47,827,54,1129,1,3,1,0,0,6,6,3,0,Surpasses,Doesn't Surpass,Doesn't Surpass,Surpasses,2
MY14,394,2255,36,924,52,1169,1,3,1,0,0,6,6,3,0,Surpasses,Doesn't Surpass,Doesn't Surpass,Surpasses,2
MY14,395,1962,28,686,86,1065,1,3,1,0,0,6,6,3,0,Surpasses,Doesn't Surpass,Doesn't Surpass,Surpasses,2
MY14,396,1190,26,577,53,494,1,3,1,0,0,6,6,3,0,Surpasses,Doesn't Surpass,Doesn't Surpass,Surpasses,2
MY14,807,590,393,33,86,45,0,4,1,0,0,6,6,3,0,Doesn't Surpass,Surpasses,Doesn't Surpass,Doesn't Surpass,1
MY14,808,386,36,278,16,36,1,3,1,0,0,6,6,3,0,Surpasses,Doesn't Surpass,Doesn't Surpass,Doesn't Surpass,1
MY14,809,86,34,19,7,17,0,4,1,0,0,6,6,3,0,Surpasses,Surpasses,Doesn't Surpass,Surpasses,3
MY14,810,337,256,22,21,25,0,4,1,0,0,6,6,3,0,Doesn't Surpass,Surpasses,Doesn't Surpass,Doesn't Surpass,1
MY14,812,253,151,38,23,33,0,4,1,0,0,6,6,3,0,Doesn't Surpass,Surpasses,Doesn't Surpass,Doesn't Surpass,1
MY14,813,112,21,31,19,34,1,3,1,0,0,6,6,3,0,Surpasses,Surpasses,Surpasses,Surpasses,4
MY14,814,86,26,32,15,11,1,3,1,0,0,6,6,3,0,Surpasses,Surpasses,Surpasses,Doesn't Surpass,3
MY14,815,378,208,48,53,40,0,4,1,0,0,6,6,3,0,Doesn't Surpass,Surpasses,Doesn't Surpass,Doesn't Surpass,1
MY14,816,246,183,10,20,18,0,4,1,0,0,6,6,3,0,Doesn't Surpass,Surpasses,Doesn't Surpass,Doesn't Surpass,1
MY14,817,193,85,47,35,13,0,4,1,0,0,6,6,3,0,Surpasses,Surpasses,Surpasses,Doesn't Surpass,3
MY14,818,328,217,28,40,12,1,3,1,0,0,6,6,3,0,Doesn't Surpass,Surpasses,Doesn't Surpass,Doesn't Surpass,1
MY14,820,671,134,364,86,50,0,4,1,0,0,6,6,3,0,Surpasses,Surpasses,Doesn't Surpass,Doesn't Surpass,2
MY14,821,193,43,48,72,25,0,4,1,0,0,6,6,3,0,Surpasses,Surpasses,Surpasses,Doesn't Surpass,3
MY14,823,113,69,12,18,7,0,4,1,0,0,6,6,3,0,Doesn't Surpass,Surpasses,Doesn't Surpass,Doesn't Surpass,1
MY14,824,165,15,30,77,35,0,4,1,0,0,6,6,3,0,Surpasses,Doesn't Surpass,Surpasses,Surpasses,3
MY14,825,1049,57,64,662,253,0,4,1,0,0,6,6,3,0,Doesn't Surpass,Doesn't Surpass,Surpasses,Surpasses,2
MY14,827,403,59,254,20,55,0,4,1,0,0,6,6,3,0,Surpasses,Doesn't Surpass,Doesn't Surpass,Doesn't Surpass,1
MY14,828,821,119,432,93,131,0,4,1,0,0,6,6,3,0,Surpasses,Doesn't Surpass,Doesn't Surpass,Doesn't Surpass,1
MY14,829,826,224,346,136,76,1,3,1,0,0,6,6,3,0,Surpasses,Surpasses,Doesn't Surpass,Doesn't Surpass,2
MY14,830,177,27,68,56,17,1,3,1,0,0,6,6,3,0,Surpasses,Doesn't Surpass,Surpasses,Doesn't Surpass,2
MY14,831,38,24,4,4,4,1,3,1,0,0,6,6,3,0,Doesn't Surpass,Surpasses,Doesn't Surpass,Doesn't Surpass,1
MY14,832,72,46,5,8,11,0,4,1,0,0,6,6,3,0,Doesn't Surpass,Surpasses,Doesn't Surpass,Doesn't Surpass,1
MY14,833,223,44,41,48,68,0,4,1,0,0,6,6,3,0,Surpasses,Surpasses,Surpasses,Surpasses,4
MY14,834,130,59,16,12,34,0,4,1,0,0,6,6,3,0,Doesn't Surpass,Surpasses,Doesn't Surpass,Surpasses,2
MY14,835,536,57,131,87,244,1,3,1,0,0,6,6,3,0,Surpasses,Doesn't Surpass,Doesn't Surpass,Surpasses,2
MY14,836,266,13,146,27,74,2,3,0,0,0,6,6,3,0,Surpasses,Doesn't Surpass,Doesn't Surpass,Surpasses,2
MY14,837,692,50,143,282,169,0,4,1,0,0,6,6,3,0,Surpasses,Doesn't Surpass,Surpasses,Surpasses,3
MY14,838,237,16,22,77,112,0,4,1,0,0,6,6,3,0,Doesn't Surpass,Doesn't Surpass,Surpasses,Surpasses,2
MY14,839,28,9,5,11,3,2,2,1,0,0,6,6,3,0,Surpasses,Surpasses,Surpasses,Doesn't Surpass,3
MY14,840,10,4,2,2,0,0,4,1,0,0,6,6,3,0,Surpasses,Surpasses,Surpasses,Doesn't Surpass,3
MY14,842,195,2,62,5,104,1,3,1,0,0,6,6,3,0,Surpasses,Doesn't Surpass,Doesn't Surpass,Surpasses,2
MY14,843,1778,27,239,146,1334,0,4,1,0,0,6,6,3,0,Doesn't Surpass,Doesn't Surpass,Doesn't Surpass,Surpasses,1
MY14,848,39,18,4,10,6,0,4,1,0,0,6,6,3,0,Doesn't Surpass,Surpasses,Surpasses,Doesn't Surpass,2